tollbooth_id|name|coords|status|strech_id|state|type|lineas|descr|highway||||||
155|El arenal tequila|20.854354276478155, -103.86093857355817|open|381|jalisco|entronque|2||15D-tequila||||||
155|El arenal|20.77880582437672, -103.6624541764846|open|380|jalisco|troncal|6||15D||||||
156|plan de barracas|20.9475192710524, -104.0629590236778|open|382|jalisco|troncal|4||15D||||||
581|Amado Nervo|21.08905122568959, -104.71712291858833|open|390|nayarit|troncal|3|205|70D||||||
581|Amado Nervo|21.088907596279125, -104.71728724855063|open|391|nayarit|troncal|3||70D||||||
581|Amado Nervo||not_found|392|nayarit|troncal||104|200D||||||
446|la cantera|21.4984932062581, -104.81339318530127|open|386|nayarit|troncal|6||libramiento norte||||||
407|san blas|21.507309681661752, -105.20102818503696|open|387|nayarit|troncal|3|96|76D||||||
407|san blas|21.507309681661752, -105.20102818503696|open|388|nayarit|troncal|3|65|||||||
53|Compostela|21.229471957714843, -104.88745147168034|open|389|nayarit|troncal|4||68D||||||
157|santa maria del oro|21.37419440266569, -104.70892364241206|open|383|nayarit|troncal|8|179|15D||||||
157|santa maria del oro|21.327068295725205, -104.66478613578181|open|384|nayarit|entronque|1|98|15D-15||||||
157|santa maria del oro|21.327068295725205, -104.66478613578181|open|385|nayarit|entronque|1|84|15-15D||||||
157|santa maria del oro|21.32799628437043, -104.66320135768107|open|385|nayarit|entronque|1|84|15D-15||||||
157|santa maria del oro|21.32799628437043, -104.66320135768107|open|384|nayarit|entronque|1|98|15-15D||||||
|benito juarez-san blas|24.87712983589735, -107.65540724462751|open||sinaloa|entronque|1|89|1D-san blas||||||
|benito juarez-san blas|24.877674384700395, -107.65578946905174|open||sinaloa|entronque|1|89|vitaruto-1D||||||
403|trapichillo|21.571748191967007, -104.98744288122955|open|395|nayarit|troncal|||15D||||||
582|Compostela|21.20443708269734, -104.88636807996299|open|393|nayarit|troncal|3||200D||||||
404|trapichillo bis|21.56062066705083, -104.97105441327322|open|394|nayarit|entronque|||76D-15D||||||
404|trapichillo bis|21.562171828826678, -104.97045421874749|open|394|nayarit|entronque|||15D-76D||||||
404|trapichillo bis|21.56081377769309, -104.96787315603535|open|394|nayarit|entronque|||15D-libramiento norte||||||
200|mesillas|23.255032547366838, -106.05401113680439|1||sinaloa|troncal||202|40D||||||
200|mesillas|23.258718028545413, -106.05134405187057|1||sinaloa|entronque||151|553-40D||||||
200|mesillas|23.258244888136353, -106.0505346631734|1||sinaloa|entronque||50|40D-553||||||
197|coscomate|23.70623004897004, -105.5712724585594|open|428|durango|troncal|||40D||||||
96|llano grande|23.87080501593667, -105.19143576001282|open|429|durango|troncal|||40D||||||
198|durango capufe|24.005170, -104.734501|open|430|durango|troncal|||40D||||||
480|durango|24.131767854758614, -104.53405823873932|open|431|durango|troncal|||40D||||||
481|yerbanis|24.730753, -103.861954|open|432|durango|troncal|||40D||||||
482|cuencame|24.9813571463491, -103.7353172421232|1||durango|troncal||179|40D||||||
482|cuencame|24.980414562990983, -103.7343023066057|1||durango|entronque||70|49-40D||||||
482|cuencame|24.980446552034483, -103.73444105805764|1||durango|entronque||109|40D-49||||||
482|cuencame|24.981335021024417, -103.73653377211951|1||durango|entronque||70|40D-49||||||
482|cuencame|24.981189136410038, -103.7364457670883|1||durango|entronque||109|49-40D||||||
483|león guzmán|25.52064518468109, -103.63952943055672|1||durango|troncal||238|40D||||||
483|león guzmán|25.51954981069483, -103.63973303960874|1||durango|entronque||174|49-40D||||||
483|león guzmán|25.52065277795001, -103.6396947716176|1||durango|entronque||64|40D-49||||||
483|león guzmán|25.519241201032344, -103.63934352296329|1||durango|entronque||174|40D-49||||||
488|san pedro torreón|25.650567429575855, -103.36921190203982|1||coahuila|troncal||127|40D||||||
488|san pedro torreón|25.650417, -103.369246|1||coahuila|entronque||54|40D-11||||||
488|san pedro torreón|25.650671, -103.369189|1||coahuila|entronque||54|11-40D||||||
488|san pedro torreón|25.649015462206382, -103.36150347030308|1||coahuila|entronque||73|11-40D||||||
488|san pedro torreón|25.649296604243407, -103.3613858783549|1||coahuila|entronque||73|40D-11||||||
163|la cuchilla|25.627012, -102.878353|open|442|coahuila|troncal|||40D||||||
162|play de ayala|25.444191157914947, -101.30391307212743|open|443|coahuila|troncal|||40D||||||
160|bermejillo|25.923805233917303, -103.62220573508567|open|444|durango|troncal|||49D||||||
161|ceballos|26.58669003672382, -104.05768607710337|open|445|durango|troncal|||49D||||||
229|sacramento|28.790512847696398, -106.1393004118434|open|446|chihuahua|troncal|||45D||||||
228|jiménez|28.60349979085975, -105.95136557387647|open|447|chihuahua|troncal|||45D|A2|||||
492|torreón|25.448355650041897, -101.0670764976156|1||coahuila|troncal||76|40D||||||
492|torreón|25.456933986702083, -101.06352725893902|1||coahuila|entronque||25|40-40D||||||
492|torreón|25.457011483944147, -101.06387058168893|1||coahuila|entronque||25|40D-40||||||
492|torreón|25.448273196014465, -101.06686628986269|1||coahuila|entronque||51|40D-40||||||
492|torreón|25.448329651622657, -101.06729266025827|1||coahuila|entronque||51|40-40D||||||
491|ojo caliente|25.612267190568296, -100.91350636272064|1||coahuila|troncal||59|40D||||||
491|ojo caliente|25.612126713686568, -100.91332109516246|1||coahuila|entronque||31|40D-57||||||
491|ojo caliente|25.612426, -100.913533|1||coahuila|entronque||31|57-40D||||||
491|ojo caliente|25.616259683530693, -100.90842282785383|1||coahuila|entronque||28|40D-57||||||
491|ojo caliente|25.615645079472433, -100.90846814541047|1||coahuila|entronque||28|57-40D||||||
490|periferico|25.696248749290216, -100.57730126136622|1||nuevo leon|troncal||143|40D||||||
490|periferico|25.69644184190003, -100.57739256734124|1||nuevo leon|entronque||98|100-40||||||
490|periferico|25.696033569043514, -100.57733808631143|1||nuevo leon|entronque||98|40D-100||||||
490|periferico|25.694580992338835, -100.56967095016509|1||nuevo leon|entronque||45|100-40D||||||
490|periferico|25.69335991282253, -100.56536561793226|1||nuevo leon|entronque||45|40D-100||||||
140|la carbonera|25.511105888290206, -100.86831027589685|open|459|coahuila|troncal|||57D||||||
141|los chorros|25.186752731729825, -100.7319750568648|open|460|nuevo leon|troncal|||57D||||||
142|huachichil|25.24550779007953, -100.80146602534519|open|461|coahuila|troncal|||57D||||||
421|libramiento matehuala|23.66415230592038, -100.60728679211601|open|462|san luis potosi|troncal|||57D||||||
499|lincon|25.790548, -100.463523|1||nuevo leon|troncal||221|100D||||||
499|lincon|25.790239538739225, -100.46330404454031|1||nuevo leon|entronque||133|100D||||||
499|lincon|25.790642878683972, -100.46366470635019|1||nuevo leon|entronque||133|100D||||||
499|lincon|25.782482907580047, -100.47237090185433|1||nuevo leon|entronque||83|100D-lincon||||||
499|lincon|25.78512947943162, -100.47058198933826|1||nuevo leon|entronque||83|Lincon-100D||||||
499|lincon|25.784563, -100.475303|1||nuevo leon|entronque||66|Lincon-100D||||||
499|lincon|25.833756518573473, -100.30543954307433|1||nuevo leon|entronque||45|53-100D||||||
499|lincon|25.83438824921424, -100.3057857090581|1||nuevo leon|entronque||45|100D-53||||||
452|apodaca|25.81779074629236, -100.39295099912373|1||nuevo leon|entronque||76|pedreras-100D||||||
452|apodaca|25.818363, -100.393292|1||nuevo leon|entronque||76|100D-pedreras||||||
452|apodaca|25.78768393104481, -100.16852243161188|1||nuevo leon|troncal||174|100D||||||
452|apodaca|25.787814394813687, -100.16830122382288|1||nuevo leon|entronque||76|54-100D||||||
452|apodaca|25.774741986749145, -100.15873839223364|1||nuevo leon|entronque||109|100D-54||||||
452|apodaca|25.78767359482775, -100.16871932350976|1||nuevo leon|entronque||76|54-100D||||||
452|apodaca|25.774631193528904, -100.15911947782088|1||nuevo leon|entronque||109|54-100D||||||
505|juárez|25.622238, -100.071266|1||nuevo leon|troncal||172|100D|169|164||||
505|juárez||1||nuevo leon|||20|||||||
450|cadereyta|25.60745636702586, -100.00115562352744|open|473|nuevo leon|troncal||83|40D|79|||||
451|guadalupe|25.691712503633664, -100.15775784274207|1||nuevo leon|troncal||84|40D||||||
451|guadalupe|25.69193970565599, -100.15764518997108|1||nuevo leon|entronque||60|40D-39|57||50|||
451|guadalupe|25.691470798881486, -100.15786513110776|1||nuevo leon|entronque||60|39-40D|57||50|||
40|cadereyta|25.601082077713865, -100.00577052864378|open|476|nuevo leon|troncal|||41||||puente caderayta||
586|Agujita-allende|28.303418269595824, -100.91005536599042|open|477|coahuila|troncal||136|57D||||||100
65|acuña|29.32526434299446, -100.92843441545274|open|478|coahuila|troncal|||||||puente acuña||
108|sabinas|26.512073364202653, -100.00724465940853|open|479|nuevo leon|troncal|||85D||||||
109|agualeguas|26.340284542482802, -100.07044714502695|open|480|nuevo leon|entronque||136|85D-6|128|||||
109|agualeguas|26.33975566337255, -100.07215041964295|open|480|nuevo leon|entronque||136|6-85D|128|||||
110|parás|26.508378, -100.008159|1||nuevo leon|entronque||190|85D-2|179|||||
110|parás|26.507980, -100.009575|1||nuevo leon|entronque||190|2-85D|179|||||
110|parás|26.508623, -100.009173|1||nuevo leon|entronque||145|85D-2||||||
938|nuevo laredo pinfra|27.268880701339945, -99.61533870996095|open|483|tamaulipas|troncal||138||130|||||
128|general bravo|25.813590450643296, -99.16948452268444|1||nuevo leon|troncal||345|40D||||||
131|doctor cross|25.81186953715244, -99.17366891656357|1||nuevo leon|entronque||192|40D-escobedo||||||
131|doctor cross|25.81388649127608, -99.17383357863838|1||nuevo leon|entronque||192|escobedo-40D||||||
128|general bravo|25.813355125068806, -99.16955166633859|1||nuevo leon|entronque||154|escobedo-40D||||||
128|general bravo|25.813721009266057, -99.16960677378295|1||nuevo leon|entronque||154|40D-escobedo||||||
129|los herrera|25.75945175633943, -99.3740971405496|1||nuevo leon|entronque||200|40D-5||||||
129|los herrera|25.759381701928543, -99.37420979332224|1||nuevo leon|entronque||145|5-40D||||||
129|los herrera|25.757243907864847, -99.37383676950328|1||nuevo leon|entronque||200|5-40D||||||
129|los herrera|25.757300552279695, -99.37391967430322|1||nuevo leon|entronque||145|40D-5||||||
130|los ramones|25.663010981887815, -99.62862545881767|1||nuevo leon|entronque||253|40D-15||||||
130|los ramones|25.662851133897288, -99.62864343204741|1||nuevo leon|entronque||94|15-40D||||||
130|los ramones|25.656113650916502, -99.63109784396785|1||nuevo leon|entronque||253|15-40D||||||
130|los ramones|25.655945558818935, -99.63101674627994|1||nuevo leon|entronque||94|40D-15||||||
15|lucio blanco|25.987608745411176, -98.43165823714757|open||tamaulipas|troncal|||2D||||||
194|san fernando|25.944745028315666, -98.22755243491738|1||tamaulipas|troncal|||2D||||||
75|reynosa phar|26.041797924744227, -98.2088305959957|open|500|tamaulipas|troncal|||puente||||||
171|ignacio zaragoza “los tomates”|25.87421722363984, -97.47467004872608|open|501|tamaulipas|troncal|||puente||||||
170|nuevo progreso|26.03629264656662, -97.954364453689|1||tamaulipas|troncal||101|2D||||||
170|nuevo progreso|26.03540443569933, -97.9544343074905|1||tamaulipas|entronque||51|47-2D-47||||||
170|nuevo progreso|26.037096937671034, -97.95454245738237|1||tamaulipas|entronque||51|47-2D-47||||||
74|Juárez-lincon|27.498297389701765, -99.50254431626057|open|505|tamaulipas|troncal|||puente||||||
31|miguel alemán|26.401138818877474, -99.01985986558886|open|506|tamaulipas|troncal|||puente||||||
48|san juan|26.31191164483669, -98.84195473768678|open|507|tamaulipas|troncal|||puente||||||
30|camargo|26.36244410998924, -98.80645113559994|open|508|tamaulipas|troncal|||puente||||||
37|reynosa|26.093210481258584, -98.27100126150383|open|509|tamaulipas|troncal|||puente||||||
47|las flores|26.06052267696973, -97.95043461194285|open|510|tamaulipas|troncal|||puente||||||
50|ojinaga|29.56056529180206, -104.39648666433295|open|511|chihuahua|troncal|||puente||||||
20|matamoros|25.891424629609347, -97.50393755311129|open|512|tamaulipas|troncal|||puente||||||
62|piedras negras|28.705244852430557, -100.51302386596953|open|513|coahuila|troncal|||puente||||||
1023|piedras negras 2|28.697075905761523, -100.51248297635908|open|514|coahuila|troncal|||puente||||||
419|libramiento de mexicalli|32.53350175529058, -115.42075475662338|1||baja california|troncal||115|2D||||||
419|libramiento de mexicalli|32.53282772801545, -115.40982310215688|1||baja california|entronque||35|5-2D||||||
419|libramiento de mexicalli|32.53361579257065, -115.40876421355513|1||baja california|entronque||35|2D-5||||||
83|el hongo|32.52118038602374, -116.32013900623957|1||baja california|entronque||47|2D-2-2D||||||
83|el hongo|32.52186057317686, -116.32001574618872|1||baja california|troncal||103|2D||||||
83|el hongo|32.52248943941944, -116.3198006383681|1||baja california|entronque||47|2-2D||||||
34|tijuana|32.51416293952504, -117.10948976541157|open|520|baja california|troncal|||1D||||||
35|rosarito|32.31112491303154, -117.0444151721061|open|521|baja california|troncal|||1D||||||
189|nodo popotla|32.283788556971906, -117.03057131436263|open|522|baja california|entronque|||201-1D||||||
189|nodo popotla|32.28383965784465, -117.02961694282466|open|522|baja california|entronque|||1D-201||||||
415|tecate|32.545696, -116.852193|open||baja california|troncal|||TIJUANA-TECAT Y -LIB. DE TECATE||||||
418|paso del aguila|32.527353, -116.692395|open|751|baja california|entronque||93|2D-ENT. PASO DEL AGUILA-TIJUANA||||||
467|paso del aguila bis|32.52585510316473, -116.69026781800218|open|752|baja california|entronque||67|2D-ENT. SANDOVAL - ENT. PASO DEL AGUILA||||||
417|dart|32.54103924867271, -116.75769348313429|open|754|baja california|entronque|||2D-PLANTA DART-VALLE REDONDO TIJUANA||||||
422|las esperanzas|32.550756, -116.621901|open||baja california|entronque|||LAS ESPERANZAS 3-2D||||||
150|esperanza|27.603792376513166, -109.93907790959305|open|418|sonora|troncal|||15D||||||
422|las esperanzas|32.55166253746689, -116.62114602836968|1||baja california|entronque|||LAS ESPERANZAS 2D-3||||||
36|ensenada|31.90316954366235, -116.73273532000844|open|523|baja california|troncal||Moto 25,auto 51, bus 2,3,4 104,camion 2,3 100,camion 4,5 124, camion 6,7,8,9 145, eje excedente ligero 26, eje excedente carga 50|1D||||||
71|chalco|19.292134356704867, -98.8817066361272|open|1|edomx|entronque|||150D-115||||||
7|san marcos|19.296334046022135, -98.87071124106612|1|3|edomx|troncal|||150D-57D||||||
926|ixtapaluca|19.28998073493131, -98.88030893714964|1|2|edomx|entronque|||115||||||
188|san marcos bis|19.293391129274873, -98.87598767837207|1|5|edomx|entronque||Moto 13, auto 26, bus 2,3,4 45, camion 2,3 44, camion 4,5 72, camion 6,7,8,9 111, eje excedente ligero 13, eje excedente carga 23. year 2024|150D-5D||||||
71|chalco|19.293292563929672, -98.88284509632994|1||edomx|troncal|||150D-115||||||
71|chalco|19.29321867493075, -98.88354314227342|1||edomx|entronque|||150D||||||
71|chalco|19.293101683947743, -98.88409983935685|1||edomx|entronque|||150D||||||
316|circuito exterior mexiquense-T4 chalco|19.30011531384209, -98.87526308409201|1|100|edomx|troncal|||57D||||||
316|circuito exterior mexiquense-T0 jorobas|19.819935517430253, -99.23987695454564|1|95|edomx|troncal|||57D||||||
316|circuito exterior mexiquense-T1 tultepec|19.694018113202613, -99.08049510414101|1|96|edomx|troncal|||57D||||||
316|circuito exterior mexiquense-T2 conmex|19.57550558337962, -99.02055090706814|1|97|edomx|troncal|||57D||||||
316|circuito exterior mexiquense-T3 nabor carillo|19.435829533797794, -98.99837849230546|1||edomx|troncal|||57D||||||
316|circuito exterior mexiquense-T3 nabor carillo|19.435842542383828, -98.9980775290402|1||edomx|entronque|||57D||||||
316|circuito exterior mexiquense-T3 nabor carillo|19.435821576260775, -98.9986457077775|1||edomx|entronque|||57D-bordo de xochiaca||||||
316|circuito exterior mexiquense-A-1A huehuetoca|19.822136243927932, -99.23624388243783|1|101|edomx|entronque|||57D||||||
316|circuito exterior mexiquense-A-1B huehuetoca|19.82323588025471, -99.23553122514845|1|101|edomx|entronque|||57D||||||
316|circuito exterior mexiquense-A-2 los reyes|19.610865684904677, -99.03855181117322|1|102|edomx|troncal|||||||||
316|circuito exterior mexiquense-A-5 Hank gonzalez|19.584821045498185, -99.0280728965625|1|102|edomx|entronque|||57D||||||
316|circuito exterior mexiquense-A-6 periférico|19.487226638901856, -99.01638088730647|1|103|edomx|entronque|||periferico-57D||||||
316|circuito exterior mexiquense-A-7 periférico|19.48571434815351, -99.01516948213126|1|103|edomx|entronque|||57D-periferico||||||
316|circuito exterior mexiquense-A-8 pichardo|19.50675004109767, -99.01494561583014|1|104|edomx|troncal|||||||||
316|circuito exterior mexiquense-A-9 ctm|19.488141617143278, -99.01916655955476|1|105|edomx|entronque|||||||||
316|circuito exterior mexiquense-T1 jaltengo|19.694018113202613, -99.08049510414101|1|106|edomx|troncal|||||||||
316|circuito exterior mexiquense-A-3 pachuca|19.603091798829805, -99.0386258765502|1|107|edomx|entronque|||5D||||||
316|circuito exterior mexiquense-A-4 pachuca|19.603392599771386, -99.03724320021398|1|108|edomx|entronque|||5D||||||
316|circuito exterior mexiquense-A-21 bordo xochiaca|19.42563391931527, -98.99855888788431|1|109|edomx|entronque|||5D||||||
316|circuito exterior mexiquense-A-22 bordo xochiaca|19.425677149229696, -98.9987669281238|1|109|edomx|troncal|||5D||||||
316|circuito exterior mexiquense-T-7 -Texcoco|19.45074359283137, -98.91110074110017|1|110|edomx|troncal|||5D||||||
316|circuito exterior mexiquense-A-27 san buena aventura|19.307078162910116, -98.87179988486967|1|111|edomx|entronque|||57D||||||
316|circuito exterior mexiquense-A-28 San buena aventura|19.30000445615856, -98.87506324293571|1|112|edomx|entronque|||5D||||||
316|circuito exterior mexiquense-A-31 ent. Tultepec|19.702468885399043, -99.08493839202771|1|113|edomx|entronque|||57D||||||
316|circuito exterior mexiquense-A-32 ent. Tultepec|19.704260124031222, -99.0872982554282|1|114|edomx|entronque|||5D||||||
316|circuito exterior mexiquense-A-34 vialidad mexiquense|19.637483745523515, -99.1644306487261|1|114|edomx|entronque|||5D||||||
316|circuito exterior mexiquense-A-36 vialidad mexiquense|19.63833645324367, -99.15919830842724|1|114|edomx|entronque|||5D||||||
316|circuito exterior mexiquense-A-33 vialidad mexiquense|19.638353310850967, -99.15622648744971|1|115|edomx|entronque|||5D||||||
316|circuito exterior mexiquense-A-35 vialidad mexiquense|19.638239160472185, -99.15893288433031|1|115|edomx|entronque|||5D||||||
316|circuito exterior mexiquense-T-5 tultitlán|19.63777430447426, -99.16447908889505|1|116|edomx|troncal|||5D||||||
316|circuito exterior mexiquense-T6 cuautitlan izcalli|19.63545513882053, -99.20516937360027|1|117|edomx|troncal|||5D||||||
316|circuito exterior mexiquense-AIFA T5 de distribuidor santa ines|19.63777430447426, -99.16447908889505|1|118|edomx|entronque|||5D||||||
316|circuito exterior mexiquense-AIFA A35 de distribuidor santa ines|19.637455343397235, -99.15575901527625|1|119|edomx|entronque|||5D||||||
316|circuito exterior mexiquense-A-12 entronque santa inés|19.702077285061986, -99.0857239049988|1||edomx|entronque||27.00 55.00 125.00 125.00 211.00 311.00 31.00, 2025 https://www.circuitoexterior.mx/rutas-y-tarifas/|57D-aifa||||||
8|san marti puebla|19.241420092520407, -98.3855948874618|open|4|puebla|troncal|||150D||||||
69|jorobas|19.826189088641254, -99.24975024585362|1||edomx|entronque|||57-57D||||||
69|jorobas|19.82567313930489, -99.25007932058412|1||edomx|entronque|||57D-57||||||
939|nabor carrillo|19.495932599390688, -98.94737958499377|1||edomx|troncal|4|104|pirámides-136D|||39|||
939|nabor carrillo|19.49598316788296, -98.9472240168867|||edomx|troncal|2|44|||||||
939|nabor carrillo|19.49602867951252, -98.9471301395807|||edomx|troncal|2|24|||||||
575|Tizatyca (ojo de agua)|19.618844090389594, -99.02953259081578|open|123|edomx|troncal|||85D||||||
576|entronque ojo de agua|19.665029989506003, -99.00174021673337|open|124|edomx|entronque|||85D-85||||||
576|entronque ojo de agua|19.665375829654206, -99.00203390912596|open|124|edomx|entronque|||85D-85||||||
914|texcoco|19.50279435886103, -98.91267169397241|1||edomx|troncal|||136D||||||
914|texcoco t2|19.502074032237623, -98.91498952424638|1||edomx|troncal||Auto 60|136D||||||
196|ozumba|19.046046108219354, -98.82833862020823|open|6|edomx|troncal|10||115D||||||
917|san martín texmelucan|19.30158972628332, -98.40401709219253|open|7|tlaxcala|troncal|5||117D||||||
558|el higueron|18.652765075251022, -99.00169876378389|1||morelos|entronque|1|109|94D-san rafael||||||
558|el higueron|18.652397034134513, -99.0012437005927|1||morelos|entronque|1|109|san rafael-94D||||||
558|el higueron|18.65278399304689, -99.00879375326478|1||morelos|troncal|1|223|94D||||||
558|el higueron|18.65262330865848, -99.0088059643153|1||morelos|troncal|4|124|cuautla 94D||||||
558|el higueron|18.652936805156926, -99.00879585189807|1||morelos|troncal|1|124|chinameca 94D||||||
1001|atlixco|18.916384904608535, -98.48469847669594|open|1336|puebla|troncal|4||438D||||||
1001|atlixco sur|18.895077579315473, -98.48938276402062|open|1336|puebla|entronque|4||Atlixco-jantetelco||||||
26|amozoc|19.049814106676887, -98.03229883255135|1||puebla|troncal|10|90|150D||||||
26|amozoc|19.050119904548755, -98.03273942128622|1||puebla|entronque|2|46|129-150D||||||
26|amozoc|19.049481004303374, -98.03199376721965|1||puebla|entronque|2|46|150D-129||||||
990|Amazoc-perote (amozoc)|19.06367676920489, -98.06905247192356|1||puebla|troncal|6||140D||||||
990|AMOZOC-PEROTE (CUAPIAXTLA)|19.310336909941974, -97.79749106268908|1||tlaxcala|troncal|4|122|140D||||||
990|AMOZOC-PEROTE (CUAPIAXTLA)|19.310494979627016, -97.79765684970214|1||tlaxcala|entronque|2|53|140D-136||||||
990|AMOZOC-PEROTE (CUAPIAXTLA)|19.30442649961914, -97.80562494517584|1||tlaxcala|entronque|2|53|136-140D||||||
990|AMOZOC-PEROTE (CUAPIAXTLA)|19.304229050075733, -97.80536745312408|1||tlaxcala|entronque|2|53|140D-136||||||
990|AMOZOC-PEROTE (CUAPIAXTLA)|19.310262427822185, -97.79738622422764|1||tlaxcala|entronque|2|69|136-140D||||||
990|AMOZOC-PEROTE (CANTONA)|19.507561429295745, -97.49775753734808|1||puebla|troncal|5|197|140D||||||
990|AMOZOC-PEROTE (CANTONA)|19.508966128731377, -97.49726290567534|1||puebla|entronque|1|63|tezontepec-140D||||||
990|AMOZOC-PEROTE (CANTONA)|19.509049846096197, -97.49713604623201|1||puebla|entronque|1|134|140D-tezontepec||||||
990|AMOZOC-PEROTE (CANTONA)|19.506527901068193, -97.49553112715623|1||puebla|entronque|1|63|140D-tepeyahualco||||||
990|AMOZOC-PEROTE (CANTONA)|19.506604692290207, -97.49539607155636|1||puebla|entronque|1|134|tepeyahualco-140D||||||
990|AMOZOC-PEROTE (PEROTE)|19.55180358512678, -97.2895397511599|1||veracruz|troncal|6|2023 auto (64)|140D||||||
990|AMOZOC-PEROTE (AUDI)|19.274467663468872, -97.82642505582122|open|62|puebla|troncal|4||140D-san jose chiapa||||||
990|AMOZOC-PEROTE (AUDI CUAPIAXTLA A1 Y A2)||open|63|||||||||||
990|AMOZOC-PEROTE (AUDI CUAPIAXTLA)||open|64|||||||||||
594|el seco|19.108709327216882, -97.67094209664745|1||||||Cuapixtla-cuacnopalan||||||
594|el seco aux. 1|19.099144440107228, -97.66402773206636|1||||||Cuapixtla-cuacnopalan-40||||||
594|el seco aux. 2|19.09904305753429, -97.66425303761164|1||||||40-Cuapixtla-cuacnopalan||||||
460|las vigas|19.63050334663006, -97.12810988726302|1||||||140D||||||
461|miradores|19.47442649208741, -96.77540785070767|open|66|||||140D||||||
457|antigua|19.320358332294518, -96.31080675212831|open|67|||||180||||||
458|san julián|19.239275776082334, -96.25793916522964|open|68|||||180||||||
459|plan del rio|19.39702975258441, -96.62161792844606|open|69|||||140D||||||
33|nautla|20.2102173338087, -96.77875021218912|open|70|||||180||||||
179|las chopas|17.944804133791894, -94.17238783129227|1||||||145D||||||
179|las chopas|17.94271202289427, -94.1722361431873|1|||||71|raudales||||||
179|las chopas|17.94271202289427, -94.1722361431873|1|||||33|coatzacoalcos||||||
181|malpasito|17.349087839669902, -93.58646289945288|1||||||145D||||||
181|malpasito|17.349151939150083, -93.58552070834183|1|||||55|145D villahermosa||||||
181|malpasito|17.348297051606647, -93.5869275563107|1|||||46|145D malpasito||||||
182|OCOZOCOAUTLA (OCUILAPA)|16.86321123895634, -93.40697896560285|open|77|||||145D||||||
929|chiapa de corzo viapass|16.73069880833294, -93.0095605957671|open|78|||||190D||||||
930|arriaga viapass|16.2572922499705, -93.87556474022145|open|79|||||190D||||||
931|coita viapass|16.73848720114777, -93.40040439428998|open|80|||||190D||||||
932|jiquipilas|16.620601242361506, -93.60207418382952|1|||||140|190D||||||
932|jiquipilas|16.620658362481585, -93.60052411025286|1|||||110|190D-cam quintana roo||||||
932|jiquipilas|16.620658362481585, -93.60052411025286|1|||||30|cam quintana roo-190D||||||
932|jiquipilas|16.62228828568551, -93.60244789690498|1|||||30|190D-cam quintana roo||||||
932|jiquipilas|16.62228828568551, -93.60244789690498|1|||||110|cam quintana roo-190D||||||
176|sánchez magallanes|18.030589330351706, -93.81297768258969|1|||||101|180D||||||
176|sánchez magallanes|18.02995167744411, -93.81311701585584|1|||||47|180D-180||||||
176|sánchez magallanes|18.031614594727525, -93.8136802797191|1|||||49|180-180D||||||
176|sánchez magallanes|18.02995167744411, -93.81311701585584|1|||||47|180-180D||||||
176|sánchez magallanes|18.031614594727525, -93.8136802797191|1|||||49|180D-180||||||
227|nacajuca|18.0760915396505, -92.93060986166415|1|||||74|180D||||||
227|nacajuca|18.07666157765094, -92.93672440295111|1|||||39|180D-comanalco||||||
227|nacajuca|18.07670237478273, -92.93665466552045|1|||||35|180D-villahermosa||||||
227|nacajuca|18.076523530185934, -92.93674068679093|1|||||39|180D (coatzacoalcos)||||||
227|nacajuca|18.07661022414781, -92.93674605120867|1|||||35|180D (escarcega)||||||
38|grijalva|17.947627564334667, -92.78522960182543|open|89|||||Puente 186||||||
39|usumacinta|17.85985411700456, -91.78368368662966|open|90|||||Puente 186||||||
164|zacatal|18.61285469724088, -91.86082881006844|open|91|||||Puente 180||||||
132|la seyba|19.636185605778753, -90.67162336120326|1|||||95|180D||||||
132|la seyba|19.637598040524278, -90.672962861246|1|||||58|180D-60||||||
132|la seyba|19.63694826473345, -90.6723493621941|1|||||40|60-180D||||||
573|ecatepec (san cristobal)|19.58786117888355, -99.04234083982114|open|120|||||revolucion-85D||||||
573|ecatepec (san cristobal)|19.587719667632797, -99.0417185673369|open|120|||||85D-revolucion||||||
574|revolución|19.60298681509855, -99.03840138394324|1|||||35|(lecheria-piramides-mexiquense)-85D||||||
574|revolución|19.60269450237185, -99.03778784154211|1|||||35|85D-(lecheria-piramides-mexiquense)||||||
574|revolución|19.602269319275813, -99.03747049202427|1|||||43|85D-mexiquense||||||
904|ecatepec (pirámidesl)|19.611774234553486, -99.02571541373743|open|125|||||132D||||||
905|tepexpan|19.61619139392161, -98.94827478124297|open|126|||||132-132D||||||
928|Tezoyuca (589)|19.60065751148438, -98.92553806692317|1||||||Pirámides-texcoco||||||
913|peñón|19.458599188412503, -99.03372456231982|1||||||136D-57D||||||
914|texcoco|19.502827156048728, -98.91271008878584|1||||||142-136D||||||
915|ent. Peñón|19.468842305639424, -99.00443193350293|open|134|||||57D-136D||||||
577|tejocotal|20.147452027701544, -98.28579586935979|1|||||111|132D||||||
577|tejocotal|20.146423946409143, -98.28698039006906|1|||||75|130-132D||||||
577|tejocotal|20.14645053387763, -98.28754989238011|1|||||38|132D-130||||||
577|tejocotal|20.149066259918875, -98.28660601538354|1|||||75|132D-130||||||
577|tejocotal|20.149236873728665, -98.28793400259666|1|||||75|132D-130||||||
577|tejocotal|20.14940233576609, -98.28804616092576|1|||||38|130-132D||||||
578|nuevo necaxa|20.13553818375597, -98.12274541411739|open|138|||||132D-130||||||
578|nuevo necaxa|20.13504779438768, -98.12271685018949|open|138|||||130-132D||||||
92|nuevo necaxa|20.186654458099976, -98.02982528492036|closed||||||130-132D||||||
585|el piñal|20.45880801422499, -97.85388430021331|open|139|||||132D||||||
584|miahuapan|20.610946872659845, -97.61455984847666|open|140|||||132D||||||
579|Puente tuxpan|20.75294757213223, -97.48237398090423|open|141||troncal|||130D||||||
580|Puente tuxpan aux. 1 (tihuatlan)|20.688195588486952, -97.49490448458995|open|142||entronque|||130D-132D||||||
580|Puente tuxpan axu. 2 (tihuatlan)|20.68876105853986, -97.49425308675715|open|142||entronque|||132D-130D||||||
556|naranjos|21.32437866679742, -97.6251432274458|1|||||171|180D-naranjos||||||
556|naranjos|21.32710891478247, -97.62732630460962|1|||||359|180D||||||
556|naranjos|21.327219839603366, -97.627142719318|1|||||188|naranjos-180D||||||
556|naranjos|21.327001749005113, -97.62752086691968|1|||||188|180D-naranjos||||||
556|naranjos|21.324306515229246, -97.62621732295528|1|||||171|naranjos-180D||||||
464|los gil|20.886139893589686, -97.46680176876609|open|146|||||180D||||||
177|totomoxtle|20.461974987354953, -97.24605444541805|open|147||||57|180-180D||||||
555|totomoxtle II|20.461011072323934, -97.24781863003669|1|||||57|180D-180||||||
555|totomoxtle II|20.459087395236324, -97.24651992765443|1|||||191|180-180D||||||
555|totomoxtle II|20.459503803376315, -97.24635871125814|1|||||248|180D||||||
555|totomoxtle II|20.460316524462794, -97.24548638162649|1|||||191|180D-180||||||
569|vega de alatorre|20.04417092326033, -96.68422137024868|1|||||122|180-180D||||||
569|vega de alatorre|20.04407428119602, -96.68433398834017|1|||||306|180D||||||
569|vega de alatorre|20.03998201348272, -96.68076608232805|1|||||184|180-180D||||||
569|vega de alatorre|20.04395398216332, -96.68447282213222|1|||||122|180D-180||||||
569|vega de alatorre|20.040344219799305, -96.68030517920202|1|||||184|180D-180||||||
43|tecolutla|20.437759799198123, -97.0865232075881|open|154|||||180-puente||||||
112|Libramiento poniente tampico|22.275294871573323, -97.89345319605991|1|||||37|70D||||||
112|Libramiento poniente tampico|22.27642286116995, -97.89327737834991|1|||||17|||||||
112|Libramiento poniente tampico|22.276503353087982, -97.89333174329877|1|||||18|||||||
49|puente nacional tampico|22.21834449747909, -97.82472994010956|open|158|||||180||||||
14|puente nacional pánuco|22.1488043994695, -98.14490483733022|open|159|||||127||||||
4|tepotzotlan|19.715339738927977, -99.20753039475355|open|160|||||57D||||||
5|palmillas|20.296119371827448, -99.92907113882305|open|162|||||57D||||||
207|palmillas bis|20.290557094539224, -99.92058085361074|open|163|||||47D-57D||||||
207|palmillas bis|20.290993657143467, -99.91859918217719|open|163|||||57D-47D||||||
70|polotitlan|20.22649405588257, -99.81069911854836|open|164|||||polotitlan-57D||||||
6|querétaro|20.572130171222657, -100.47284943605749|open|165|||||45D||||||
61|libramiento sur poniente querétaro|20.572020757496592, -100.48072833693045|1|||||96|lib.poniente-45D||||||
61|libramiento sur poniente querétaro|20.572328964633407, -100.48087888416393|1|||||14|45D-lib. Poniente||||||
61|libramiento sur poniente querétaro|20.570339452320177, -100.48049414471346|1|||||14|lib.poniente-45D||||||
61|libramiento sur poniente querétaro|20.5698830800817, -100.48137156772206|1|||||96|45D-lib. Poniente||||||
590|crespo|20.506685631721385, -100.87088731280276|open|168|||||45D||||||
591|laja|20.509691619406876, -100.76522819495591|open|169|||||45D||||||
592|san miguel|20.580993488317887, -100.79532000011167|open|170|||||45D||||||
183|villagran|20.57945698935768, -100.99235156985912|open|171|||||villagran-45D||||||
185|cerro gordo|20.590133113132463, -101.13623196099414|1|||||58|45D-celaya||||||
185|cerro gordo|20.59191470722084, -101.1372905330159|1|||||58|43D-45D||||||
185|cerro gordo|20.59216782205415, -101.14139312299795|1|||||51|45D-43D||||||
185|cerro gordo|20.591853315565057, -101.13734514847903|1|||||14|43D-45D||||||
185|cerro gordo|20.59227578797495, -101.14149236473037|1|||||14|43D-45D||||||
185|cerro gordo|20.592272382676825, -101.14148963865495|1|||||51|43D-45D||||||
41|salamanca|20.598480019780304, -101.18096373306501|1|||||102|45D||||||
41|salamanca|20.599168834231897, -101.18070972620217|1|||||70|45D-manuel clutier||||||
41|salamanca|20.597596386742083, -101.18101272807726|1|||||36|45D-manuel clutier||||||
41|salamanca|20.599168834231897, -101.18070972620217|1|||||70|manuel clutier-45D||||||
41|salamanca|20.597596386742083, -101.18101272807726|1|||||36|manuel clutier-45D||||||
564|arandas|20.737489290873498, -101.38000868117318|open|178||||62|20D||||||
564|arandas|20.735267853783842, -101.3831940318438|open|178||||43|arandas-20D||||||
564|arandas|20.73352001610326, -101.38124091013248|open|178||||18|arandas-20D||||||
564|arandas|20.73352001610326, -101.38124091013248|open|178||||18|20D-arandas||||||
563|yostiro|20.601076943446127, -101.43854055492513|open|179|||||20D||||||
550|mendoza|20.673036563093145, -101.21357279709022|open|182|||||43D||||||
551|puerto interior|20.98387104285751, -101.54226803012496|open|183|||||43D||||||
350|silao|20.961454867265935, -101.3847850937014|open|184|||||guanajuato eje metropolitano||||||
350|silao|20.961454867265935, -101.3847850937014|open|185|||||||||||
351|cervera|20.971943042997328, -101.2995001292804|open|187|||||lucas aleman-110D-lucas aleman||||||
314|aguas buenas|20.9614766917172, -101.38477623810958|open|186|||||guanajuato eje metropolitano||||||
120|león|21.102792570631095, -101.78459803456431|1|||||178|45D||||||
120|león|21.098289931806878, -101.7786979590263|1|||||68|las joyas-45D||||||
120|león|21.09742978712952, -101.7769293532643|1|||||68|45D-las joyas||||||
123|encarnación de díaz|21.489682693175443, -102.24315141209509|1|||||169|lagos de moreno-45D-aguascalientes||||||
123|encarnación de díaz|21.489682693175443, -102.24315141209509|1|||||71|encarnación de díaz-45D-aguascalientes||||||
583|chichimeco|22.005821389499083, -102.35777833294763|1|||||77|libramiento aguascalientes||||||
583|Ent. Chichimeco|22.000712228342167, -102.36006126095177|1|||||42|||||||
583|Ent. La escondida|22.000975257831087, -102.35961333194552|1|||||35|||||||
87|zacatecas|22.71077952370501, -102.4488686413797|open|200|||||45D||||||
114|jalostotitlan|21.117606005742108, -102.45806476923244|1|||||202|80D||||||
114|jalostotitlan|21.117625940528182, -102.45817194718218|1|||||118|jalostitlan-80D||||||
114|jalostotitlan|21.117441142045102, -102.45796734964047|1|||||118|80D-jalostitlan||||||
114|jalostotitlan|21.120225227194027, -102.45558675084618|1|||||85|80D-jalostitlan||||||
114|jalostotitlan|21.11904546238283, -102.4557563878855|1|||||85|jalostitlan-80D||||||
114|jalostotitlan|||||||70|||||||
114|jalostotitlan|||||||34|||||||
113|tepatitlan|20.82458772174976, -102.79500119203935|1|||||246|80D||||||
113|tepatitlan|20.820927144547603, -102.79384973598117|1|||||201|Colosio-80D||||||
113|tepatitlan|20.820772768883852, -102.79406376644803|1|||||201|80D-colosio||||||
113|tepatitlan|||||||196|||||||
113|tepatitlan|||||||172|||||||
113|tepatitlan|||||||146|||||||
113|tepatitlan|||||||72|||||||
113|tepatitlan|||||||127|||||||
113|tepatitlan|||||||98|||||||
113|tepatitlan|||||||53|||||||
113|tepatitlan|20.820850490911763, -102.79393016580364|1|||||44|Colosio-80D||||||
199|lagos de moreno|21.49019916795546, -101.76328341241077|open|216|||||80D||||||
454|Ventura-el peyote|22.52091754877761, -100.6564056074358|open|217|||||57D||||||
426|libramiento arco norte san luis potosi|22.29983797563336, -100.97126657665335|open|218|||||libramiento norte san luis potosi||||||
504|libramiento poniente san luis potosi|22.16361309699705, -101.0792319588635|1|||||81|libramiento poniente san luis potosi||||||
504|libramiento poniente san luis potosi||1|||||56|||||||
504|libramiento poniente san luis potosi||1|||||28|||||||
425|libramiento oriente san luis potosi|22.129746570238748, -100.82509189514816|1|||||105|57D||||||
425|libramiento oriente san luis potosi|22.126038672449212, -100.82507989656916|1|||||33|70-57D||||||
127|chichimequillas|20.70558491390206, -100.34373413115131|open|224|||||57D||||||
486|cerritos (san luis-rio verde)|22.428865895747066, -100.32041862385992|1||||||75D||||||
486|cerritos (rioverde-cemosa-rioverde)||1||||||75D||||||
486|cerritos (charco blanco-rioverde-charco blanco)|22.441384551244493, -100.33936852467664|1|||||144|75D||||||
486|cerritos (cerritos-rioverde)|22.427612024118517, -100.31850050729386|1||||||75D||||||
486|cerritos (san luis-cerritos-san luis)|22.440333503824185, -100.3345710388101|1||||||75D||||||
486|cerritos (san luis-charco blanco-san luis)|22.441825675240864, -100.3399436115878|1|||||59|75D||||||
486|cerritos (charco blanco-cemosa)||1||||||75D||||||
486|cerritos (charco blanco-cerritos-charco blanco)|22.443339620963453, -100.33880485161151|1||||||75D||||||
498|cemosa (rioverde-cemosa-rioverde)||1||||||75D||||||
493|la calera|21.904200038149103, -98.95552718590129|1|||||122|70D||||||
493|la calera|21.905379436943097, -98.95284489335644|1|||||71|70D-85||||||
493|la calera|21.905503864727557, -98.95287707986425|1|||||51|85-70D||||||
493|la calera|21.902303432986486, -98.95295350980425|1|||||71|85-70D||||||
493|la calera|21.902196295042685, -98.95302419807835|1|||||51|70D-85||||||
909|santa fe|19.359158954537214, -99.27360380223307|open|241|||||15D||||||
908|marquesa|19.33277053011677, -99.31417230288255|1|||||111|15D||||||
908|marquesa|19.33176757989978, -99.315122002156|1|||||55|57D-15D||||||
934|marquesa t2|19.290581367921927, -99.43444141405219|open|247||||72|15D||||||
410|la venta|19.335807155041156, -99.3110191569385|1|||||55|15D-arriaga||||||
835|la finca|18.906345950224217, -99.65462495610822|1|||||73|55D||||||
835|la finca|18.89982802295817, -99.65321250708395|1|||||36|55-55D||||||
835|la finca|18.89982802295817, -99.65321250708395|1|||||36|55D-55||||||
836|villa guerrero|18.989328269782845, -99.65656768903688|open|250|||||55D||||||
837|tenango|19.12245612481182, -99.60212868246006|open|251|||||55D||||||
470|chapultepec|19.196568898036464, -99.5251963918216|open|252|||||Lerma-tenango||||||
471|rayón|19.151241223240984, -99.5437285216713|1|||||47|Lerma-tenango||||||
471|rayón|19.15139653006734, -99.54371973077879|1|||||49|Lerma-tenango (malinalco)||||||
471|rayón|19.15139653006734, -99.54371973077879|1|||||49|Lerma-tenango (lerma)||||||
471|rayón|19.151453282154144, -99.54833025312512|1|||||40|6-lerma-tenango||||||
471|rayón|19.149986747686476, -99.54999927946027|1|||||40|Lerma-tenango-6||||||
416|xonacatlan|19.375790401297618, -99.5494633032343|1|||||107|6D||||||
416|xonacatlan|19.38125410425941, -99.55553467754922|1|||||67|toluca-naucalpan-6D||||||
416|xonacatlan|19.38125410425941, -99.55553467754922|1|||||67|6D-toluca-naucalpan||||||
416|xonacatlan|19.37596487076062, -99.54927807470443|1|||||40|6D-toluca-naucalpan||||||
416|xonacatlan|19.375622298900062, -99.54961788801694|1|||||40|toluca-naucalpan-6D||||||
532|la hortaliza|19.38141941343298, -99.80469301511961|1|||||177|7D||||||
532|la hortaliza|19.3818064512847, -99.80876509673591|1|||||131|15-7D||||||
532|la hortaliza|19.381264677056866, -99.80470538214621|1|||||47|15-7D||||||
532|la hortaliza|19.38188115653965, -99.80688394241304|1|||||47|7D-15||||||
531|valle de bravo||open|262|||||||||||
530|amanalco|19.233676136929883, -100.0722562094995|1|||||133|valle de bravo-toluca||||||
530|amanalco||||||||||||||
530|amanalco||||||||||||||
489|monumento|19.401350551047607, -100.11226498730267|open|266|||||7D||||||
940|zitacuaro|19.452462358545343, -100.28186781918753|open|267|||||||||||
444|el dorado|19.40822406226161, -99.71605380738103|open|268|||||55D||||||
445|atlacomulco sur|19.76244187304768, -99.85557471420928|open|269|||||55D||||||
448|atlacomulco|19.83763532632644, -99.94555691658852|open|270|||||15D||||||
449|contepec|19.875723603610318, -100.18810711049277|open|271|||||15D||||||
144|zinapecuaro|19.90180502042515, -100.78852838862753|1|||||193|15D||||||
144|zinapecuaro|19.902385792857192, -100.7875950406106|1|||||100|120-15D||||||
144|zinapecuaro|19.902385792857192, -100.7875950406106|1|||||93|15D-120||||||
144|zinapecuaro|19.900959002175483, -100.78903312126769|1|||||100|15D-120||||||
144|zinapecuaro|19.900959002175483, -100.78903312126769|1|||||93|120-15D||||||
144|Zinapecuaro-jerahuaro|19.894506686108024, -100.64672904599067|1|||||55|15D-126||||||
144|Zinapecuaro-copandaro|19.882261879344206, -101.20206227375931|1|||||18|15D-37D||||||
144|Zinapecuaro-cuto|19.880442015368214, -101.20335492528764|1|||||18|37D-15D||||||
145|panindicuaro|19.972243068746103, -101.75696103966796|1|||||251|15D||||||
145|panindicuaro|19.971509971137188, -101.7568972199435|1|||||163|5-15D||||||
145|Panindicuaro-huariqueo|19.884202813395508, -101.51047755873668|1|||||97|15-huariqueo||||||
145|panindicuaro|19.972415299638744, -101.75699541974464|1|||||88|5-15D||||||
145|panindicuaro|19.971509971137188, -101.7568972199435|1|||||88|15D-5||||||
146|ecuandureo|20.17501028780369, -102.19131425463095|1|||||135|15D||||||
146|ecuandureo|20.175166381288125, -102.19130889021298|1|||||77|(la barca)37-15D||||||
146|Ecuandureo-vista hermosa|20.269198485914973, -102.44313075658646|1|||||39|15D-110-vista hermosa||||||
146|ecuandureo|20.175166381288125, -102.19130889021298|1|||||26|15D-37(ecuandureo)||||||
146|ecuandureo|20.174896994036757, -102.19131919916147|1|||||77|15D-37(la barca)||||||
146|ecuandureo|20.174896994036757, -102.19131919916147|1|||||26|37(ecuandureo)-15D||||||
328|zamora|20.1736456958063, -102.24387067817835|1||||||zamora-ecurandureo-15D||||||
328|zamora|20.1736456958063, -102.24387067817835|1||||||15D-zamora-ecurandureo||||||
146|Ecuandureo-vista hermosa|20.269867572421518, -102.43916756488186|1||||||110-15D||||||
147|ocotlan|20.40589744066098, -102.73893693188674|1|||||265|15D||||||
147|ocotlan|20.40491015712817, -102.7393417397185|1|||||198|15D-122||||||
147|ocotlan||0|||||117|||||||
147|ocotlan|20.40491015712817, -102.7393417397185|1|||||67|122-15D||||||
147|ocotlan||0|||||50|||||||
147|ocotlan|20.406985874135305, -102.73894151207523|1|||||198|122-15D||||||
147|ocotlan|20.406985874135305, -102.73894151207523|1|||||67|15D-122||||||
42|la piedad|20.35279745966371, -102.0251800282009|open|299|||||90||||||
463|libramiento la piedad|20.395607639642904, -101.99336212480873|1|||||61|90D||||||
463|libramiento la piedad|20.395482253339235, -101.99808250182039|1|||||51|84-90D||||||
463|libramiento la piedad|20.395482253339235, -101.99808250182039|1|||||17|84-90D||||||
463|libramiento la piedad|20.395482253339235, -101.99808250182039|1|||||51|90D-84||||||
463|libramiento la piedad|20.395482253339235, -101.99808250182039|1|||||17|90D-84||||||
941|Morelia-aeropuerto1|19.741222026648433, -101.10053884205266|open|303|||||48D||||||
942|Morelia-aeropuerto2|19.885488559768774, -101.0100155313537|open|304|||||48D||||||
933|capula (cuto)|19.71079159182471, -101.33717772977289|open|305|||||37D||||||
927|chapultepec morelia|19.54553155733181, -101.53587842530557|open|306|||||14D||||||
911|zirahuen|19.50557883733148, -101.65933785839606|open|307|||||14D||||||
910|auxiliar zirahuen|19.482383620672607, -101.7310414470312|open|308||entronque|||14-14D-14||||||
912|san ángel zurumicapio|19.441955344304443, -101.88380345321947|open|309|||||lazaro-14D-lazaro||||||
925|taretan|19.35550332462252, -101.91797481122194|1|||||78|37D||||||
925|taretan|19.351925751280497, -101.91737741595243|1|||||60|revolución-37D||||||
925|taretan|19.351925751280497, -101.91737741595243|1|||||18|37D-revolución||||||
924|santa casilda|19.152969991209883, -101.97814872598207|1|||||78|37D||||||
924|santa casilda|19.156501301254124, -101.97616785429577|1|||||59|37D-zamora-37D||||||
924|santa casilda|19.156501301254124, -101.97616785429577|1|||||21|37D-zamora-37D||||||
920|las cañas|18.554208902926476, -101.97035200627485|1||||||37D||||||
920|las cañas|18.553670344865356, -101.97299792594691|1||||||37D-37-37D||||||
919|feliciano|18.006468561169285, -101.9617523000505|1|||||213|37D||||||
919|feliciano|18.006526006775108, -101.96188932343809|1|||||144|37D-200||||||
919|feliciano|18.004650105291415, -101.96386122710601|1|||||71|200-37D||||||
919|feliciano|18.004073742621376, -101.96190516017815|1|||||71|37D-200||||||
919|feliciano|18.006398641167262, -101.96163109640693|1|||||144|200-37D||||||
1|tlalpan|19.242521574586622, -99.1487255384838|open|320|||||95D||||||
195|tres marías|19.05636991076728, -99.24108055363567|open|321|||||95D-aldama-95D||||||
224|tepoztlán bis|18.984739462103477, -99.1105872756711|open|322|||||115D-del tesoro||||||
24|tepoztlán||1|||||82|115D||||||
24|tepoztlán|18.98703912832627, -99.11250613593504|1|||||63|La pera-oacalco||||||
24|tepoztlán||1|||||60|||||||
24|tepoztlán|18.98703912832627, -99.11250613593504|1|||||51|la pera-tepoztan||||||
24|tepoztlán|18.98703912832627, -99.11250613593504|1|||||42|Tepoztlan-oaxtepec||||||
24|tepoztlán|18.98703912832627, -99.11250613593504|1|||||32|Tepoztlan-oacalco||||||
24|tepoztlán|18.98703912832627, -99.11250613593504|1|||||19|Tepoztlan-la pera||||||
25|oacalco|18.930506223186416, -99.02597134159102|1|||||32|Tepoztlan-oacalco||||||
25|oacalco|18.930506223186416, -99.02597134159102|1|||||32|Oacalco-tepoztlan||||||
25|oacalco|18.93137488786192, -99.02496837534386|1|||||11|Oacalco-oaxtepec||||||
25|oacalco|18.931099724605644, -99.02561158092688|1|||||51|Oacalco-la pera||||||
465|oaxtepec||1|||||82|||||||
465|oaxtepec||1|||||63|Oaxtepec-la pera||||||
465|oaxtepec|18.905473422168466, -98.98750014125824|1|||||63|la pera-oaxtepec||||||
465|oaxtepec|18.903688269885, -98.98528155377122|1|||||61|Oaxtepec-cuautla (115D)||||||
465|oaxtepec|18.903688269885, -98.98528155377122|1|||||44|Oaxtepec-tepoztlan||||||
465|oaxtepec||1|||||32|||||||
465|oaxtepec|18.903688269885, -98.98528155377122|1|||||11|Oaxtepec-oacalco||||||
107|emiliano zapata|18.838165990983903, -99.21661683104453|open|340|||||95D||||||
107|emiliano zapata|18.83809491199498, -99.21699770472021|open|340|||||95D||||||
107|emiliano zapata|18.838110143209416, -99.21737321397795|open|340|||||95D||||||
107|emiliano zapata|18.8383843048332, -99.21754487535291|open|340|||||95D||||||
106|aeropuerto|18.80235020704474, -99.22129303952534|open|341|||||95D-aeropuerto||||||
106|aeropuerto|18.802734069561744, -99.21986144057885|open|341|||||aeropuerto-95D||||||
105|xochitepec|18.77499093810084, -99.22532537700091|open|342|||||xochitepec-95D-xochitepec||||||
184|Ing. francisco velazco durán|18.69852562527147, -99.2780406209234|open|343|||||95D||||||
101|alpuyeca (puente de ixtla)|18.722497449540814, -99.25992685715259|open|344|||||21-95D||||||
101|alpuyeca balnearios|18.72387184059692, -99.26024357551562|open|344|||||95D-21||||||
102|paso morelos|18.231497855655913, -99.21549921330978|1|||||200|95D||||||
102|paso morelos|18.231497855655913, -99.21549921330978|1|||||120|95D-1 MORELOS-CHILPANCINGO||||||
102|paso morelos|18.231497855655913, -99.21549921330978|1|||||76|1-95D||||||
103|palo blanco|17.42396603794243, -99.4668808284532|1||||||95D||||||
104|la venta|16.92830587416863, -99.80187944058898|open|349|||||95D||||||
223|la venta bis|16.938358316580988, -99.81995535427467|open|350|||||200D||||||
223|la venta bis|16.942207675008497, -99.82249843452567|open|350|||||200D||||||
56|zacapalco|18.5379427134007, -99.44741509547512|open|351|||||95D||||||
99|taxco|18.58865074498465, -99.55997457790419|open|352|||||95D||||||
3|iguala|18.336205090551918, -99.50832571676023|open|353|||||91D||||||
423|las cruces (maxitunel)|16.885991421590315, -99.83927944269888|open|354|||||95D||||||
429|cayaco (macrotunel)|16.817726468954287, -99.81749010113987|open|355|||||Autopista macrotúnel||||||
420|libramiento tecpan|17.196983036834542, -100.62673256934033|open|356|||||200D||||||
159|zapotlanejo|20.615679214047034, -103.08930548760945|1|||||74|90-80D-90||||||
159|zapotlanejo||1|||||172|||||||
159|zapotlanejo||1|||||127|||||||
159|zapotlanejo||1|||||191|||||||
159|zapotlanejo||1|||||124|||||||
159|zapotlanejo||1|||||72|||||||
159|zapotlanejo||1|||||73|||||||
159|zapotlanejo||1|||||68|||||||
159|zapotlanejo (el vado)|20.60474405077011, -103.15867664246217|1|||||37|90D||||||
159|zapotlanejo (el vado)|20.60477043446359, -103.15964438905226|1|||||37|90D-union||||||
159|zapotlanejo (el cortijo)|20.619696155309637, -103.20616055682282|1|||||26|90D-al vado||||||
159|zapotlanejo (el cortijo)|20.620155091535022, -103.20505508901797|1|||||26|90D (guadalajara)||||||
159|Zapotlanejo (periférico)|20.619340547812097, -103.21627392270057|1|||||24|periferco ote-90D||||||
159|Zapotlanejo (periférico)|20.619128181442314, -103.21552433484176|1|||||24|90D-periferico ote||||||
159|zapotlanejo (arroyo de enmedio)|20.615813352143217, -103.24281556995683|1|||||17|90D zapotlanejo guadalajara (entrada)||||||
159|zapotlanejo (arroyo de enmedio)|20.615478327544395, -103.24277370516198|1|||||17|90D-tonalá (salida)||||||
447|libramiento sur guadalajara (macrolibramiento)|20.587536559203606, -103.10161805782742|1|||||74|15D-macrolibramiento||||||
447|libramiento sur guadalajara (macrolibramiento)|20.588657766545925, -103.1017441931241|1|||||74|macrolibramiento-15D||||||
447|libramiento sur guadalajara (la laja)|20.58802769070722, -103.09844669831183|1|||||10|15D-macrolibramiento||||||
447|libramiento sur guadalajara (la laja)|20.585980427706755, -103.10065602868633|1|||||10|macrolibramiento-15D||||||
447|libramiento guadalajara|20.572774701753723, -103.10136553143488|1|||||94|15D-macrolibramiento-15D||||||
325|chapala|20.3902079228279, -103.30216670470058|open|371|||||macrolibramiento||||||
405|santa cecilia|20.442508658542227, -103.5457950992952|1|||||295|macrolibramiento||||||
405|santa cecilia||not_found|||||218|||||||
405|santa cecilia||not_found|||||13|||||||
57|acatlan II|20.37345667603661, -103.57631833223074|open|375|||||54D||||||
58|sayula|19.933263452542814, -103.52992416171546|open|376|||||54D||||||
59|sayula remota|19.879130875216404, -103.51932985418757|open|377|||||401-54D-401||||||
60|san marcos II|19.40918518118616, -103.52790845500914|open|378|||||54D||||||
901|cuyutlan|18.927824674673065, -104.0814923971006|open|379|||||200D||||||
409|yago|21.84466834652707, -105.08490605969492|open|396||||75|15D-yago||||||
409|yago|21.84378680616447, -105.08535830137257|open|396||||75|yago-15D||||||
409|yago|21.845224422430572, -105.08652478506053|open|396|||||yago-15D||||||
409|yago|21.846888493745354, -105.08519028311795|open|396|||||15D-yago||||||
401|estación ruiz|21.95182991382481, -105.11604882560371|1|||||205|15D||||||
401|estación ruiz|21.9530887161182, -105.12088735876337|1|||||95|15D-carr. Tijuana||||||
402|acaponeta|22.453868558300147, -105.42474122248902|1|||||420|15D||||||
402|acaponeta|22.45409818879467, -105.41878797767092|1|||||210|68-15D-68||||||
400|El rosario|22.984690332700566, -105.87807412490908|1|||||240|15D||||||
400|El rosario|22.985110789150852, -105.87525673957157|1|||||120|rosario-15D-rosario||||||
604|vainillo|23.216168571820468, -106.26034479817824|1|||||71|15D||||||
604|vainillo|23.216693492810215, -106.26487451698048|1|||||60|15-15D-15||||||
604|vainillo|23.216693492810215, -106.26487451698048|1|||||27|15D-15||||||
124|mármol|23.47117593583882, -106.56953131594183|open|406|||||15D||||||
601|costa rica|24.570263179009334, -107.43020062145355|open|407|||||15D||||||
408|quila||not_found|||||218|||||||
408|quila|24.3966229440113, -107.27190764118328|1|||||154|la cruz-quila||||||
408|quila|24.397647820170135, -107.26999773733633|1|||||64|Quila-costa rica||||||
603|san pedro-libramiento culhuacan|24.69342264306318, -107.52545219771793|open|411|||||15D||||||
10|puente nacional culiacan|24.94886733155921, -107.5456562983661|open|412|||||15||||||
11|puente nacional sinaloa|25.51285551119112, -108.34763370725857|open|413|||||15||||||
557|esperanza hornos|27.60454026623095, -109.89877533004463|1|||||215|libramiento ciudad obregón||||||
557|esperanza hornos|27.604245909616175, -109.90163876813612|1|||||115|libramiento ciudad obregón-117||||||
557|esperanza hornos|27.606910229393343, -109.90310133337965|1|||||115|117-libramiento ciudad obregon||||||
150|esperanza|27.603744667460937, -109.93908526422884|1|||||109|15||||||
148|estación don|26.849791001665388, -109.37326206852237|open|416||||109|15||||||
149|fundición|27.32039761314023, -109.71978637933714|open|417|||||15||||||
151|guaymas|28.036517969585383, -110.92414646858674|open|419|||||15D||||||
152|hermosillo|29.2207043648971, -110.93020256801417|open|420|||||15||||||
153|magdalena|30.629278285658106, -110.94871876882378|open|421|||||15D||||||
559|sahuaripa|29.030222826340893, -110.85554085804226|1|||||74|10D-20-10D||||||
559|sahuaripa|29.02970183857509, -110.85426082999997|1|||||151|10D|A2|||||
559|sahuaripa|29.030270982054017, -110.85305613473392|1|||||77|20-10D-20||||||
443|atlacomulco|19.911796932591137, -99.85253982523166|open||||||arco norte (40D)||||||
442|acambay|19.923420387940723, -99.84427680708129|1||||||||||||
441|jilotepec|19.976578425529574, -99.53150130772515|1||||||||||||
440|Queretaro-arco norte|19.997873125950655, -99.49206331200297|1||||||||||||
440|Queretaro-arco norte|19.997798680886277, -99.49186221077878|1||||||||||||
440|Queretaro-arco norte|19.996284694989978, -99.49039081182553|1||||||||||||
440|Queretaro-arco norte|19.99614342800426, -99.48965419693805|1||||||||||||
440|Queretaro-arco norte|19.998659745025932, -99.48778711267755|1||||||||||||
440|Queretaro-arco norte|19.99870152990015, -99.48758454460598|1||||||||||||
440|Queretaro-arco norte|20.000454631729102, -99.48997852647396|1||||||||||||
439|tula II|20.10007105433363, -99.28348673487717|1||||||||||||
439|tula II|20.09816905576414, -99.28317564889447|1||||||||||||
438|tula I|20.09813858310726, -99.28607748173283|1||||||||||||
438|tula I|20.099718800488123, -99.28059830215831|1||||||||||||
437|atitalaquia|20.065042150758917, -99.21866529462685|1||||||||||||
437|atitalaquia|20.067272236262596, -99.21852556535966|1||||||||||||
436|ajoloapan|19.956441521975105, -99.05548785748188|1||||||||||||
436|ajoloapan|19.955877232274915, -99.05544188568793|1||||||||||||
436|ajoloapan|19.956107705143303, -99.05336177908266|1||||||||||||
436|ajoloapan|19.955471686502346, -99.05277825226608|1||||||||||||
435|pachuca|19.92751685142797, -98.89151566338009|1||||||||||||
434|tulancingo|19.83365049678555, -98.701529139612|1||||||||||||
434|tulancingo|19.83246878481612, -98.7001384849097|1||||||||||||
434|tulancingo|19.834854002542162, -98.70015239145316|1||||||||||||
434|tulancingo|19.833676660062046, -98.69879882086872|1||||||||||||
433|shagún|19.756043438033146, -98.63055170365965|1||||||||||||
433|shagún|19.755939830461024, -98.62811909845483|1||||||||||||
432|calpulalpan|19.620137757867894, -98.54701875042406|1||||||||||||
432|calpulalpan|19.621486505776243, -98.54808879082856|1||||||||||||
432|calpulalpan|19.619437676918853, -98.54964364658991|1||||||||||||
432|calpulalpan|19.619192921053266, -98.54940895138267|1||||||||||||
431|sanctorum|19.51386945346915, -98.46985777777844|1||||||||||||
431|sanctorum|19.512714616051102, -98.46881769457083|1||||||||||||
431|sanctorum|19.512703988869728, -98.46690850906491|1||||||||||||
431|sanctorum|19.515585183552982, -98.46900306133793|1||||||||||||
431|sanctorum|19.516555779290446, -98.46936385230599|1||||||||||||
430|san martín texmelucan|19.297149073542343, -98.4110640873011|1||||||||||||
430|san martín texmelucan|19.296346581160403, -98.40976053372385|1||||||||||||
462|apaxco|19.997838843691188, -99.14140963834238|1||||||||||||
466|liverpool|19.97860092447916, -99.52342931107276|1||||||||||||
466|liverpool|19.97861786515785, -99.5229686607925|1||||||||||||
568|chamapa autovan|19.4345103287221, -99.30373263946012|1||||||134D||||||
566|san nicolas|19.353905509127546, -99.48032757375664|1||||||134D-san nicolas-134D||||||
566|san nicolas|19.355660700140408, -99.48127465003711|1||||||134D-san nicolas-134D||||||
567|ayotuxco|19.401448528578268, -99.38100885600021|1||||||134D-ayotuzco-134D||||||
567|ayotuxco|19.39997992697767, -99.38094182226153|1||||||134D-ayotuzco-134D||||||
565|cerrillo|19.326359656928048, -99.51592085001816|1||||||134D||||||
86|san josé del cabo|23.049953752038192, -109.71956680893206|1||||||1D||||||
330|aeropuerto de los cabos|23.150499203637988, -109.74050665703166|1||||||1D||||||
332|san lucas|22.92430800546661, -109.91732401751469|1||||||1D||||||
332|el mangle|22.953998414854038, -109.97393402303173|1||||||1D||||||
473|rayón|21.86354184128592, -99.62340313376347|open|782|||||70D||||||
474|tamasopo|21.905671185567915, -99.38510009258695|1||||||70D||||||
474|tamasopo|21.90415513549839, -99.38470607375386|1||||||70D||||||
475|tambaca|21.940184287564303, -99.27374145445926|1||||||70D||||||
475|tambaca|21.939207229162495, -99.27004752043456|1||||||70D||||||
476|la pitahaya|21.967590303257015, -99.17456704099263|open|783|||||70D||||||
825|libramiento elevado de puebla – periferico|19.131561292410307, -98.26814299699545|1||||||150D||||||
825|libramiento elevado de puebla – santa ana ent.|19.084936370368098, -98.19256498665584|1||||||150D||||||
825|libramiento elevado de puebla – santa ana salida|19.083618557422234, -98.18411495454212|1||||||150D||||||
825|libramiento elevado de puebla – carmen serdán salida|19.084629985185927, -98.1931103738009|1||||||150D||||||
825|libramiento elevado de puebla – carmen serdán ent.|19.083128554960773, -98.18367026839688|1||||||150D||||||
825|libramiento elevado de puebla – cuahutemoc|19.07692460094709, -98.15006643534323|1||||||150D||||||
825|libramiento elevado de puebla – hermanos serdan ent.|19.092183179101504, -98.22268618108363|1||||||150D||||||
825|libramiento elevado de puebla – hermanos serdan salida|19.092164974429263, -98.22203003571316|1||||||150D||||||
317|atlacomulco|20.29007956672475, -99.94969396035474|1||||||47D||||||
318|apaseo el grande|20.511214076859392, -100.59941443957071|1||||||47D||||||
319|apaseo el alto|20.49765001215133, -100.58810953785188|1||||||47D-45-47D||||||
320|coroneo|20.415572997030893, -100.42902018763844|1||||||47D-413-47D||||||
321|huimilpan|20.348365519334916, -100.27748357132727|1||||||47D-412-47D||||||
322|amealco I|20.277779734675175, -100.05914463423336|1||||||47D-300-47D||||||
323|apaseo|20.533607563200647, -100.62788333530811|0||||||45D-47D||||||
323|apaseo|20.531468678512535, -100.6207433993163|0||||||47D-45D||||||
572|Mexico-pachuca|19.515917027396377, -99.10308752750072|1||||||Naucalpan-ecatepec||||||
399|ent. Gran canal|19.507180373748675, -99.08436461232509|1||||||Naucalpan-ecatepec||||||
588|Ent. Indios verdes|19.513536586192522, -99.09886289626725|1||||||Naucalpan-ecatepec||||||
1045|cien metros r1 (ticket)|19.515508731954846, -99.1529543236422|1||||||Naucalpan-ecatepec||||||
1045|cien metros r3|19.514145130325566, -99.15676116039323|1||||||Naucalpan-ecatepec||||||
1045|cien metros r2|19.513765331801263, -99.15879639273003|1||||||Naucalpan-ecatepec||||||
1046|vallejo r5|19.512542983780495, -99.161413017901|1||||||Naucalpan-ecatepec||||||
1046|vallejo r4|19.512135301468586, -99.16267747575256|1||||||Naucalpan-ecatepec||||||
1046|vallejo r6|19.51272925664258, -99.16350633015152|1||||||Naucalpan-ecatepec||||||
1046|vallejo r7|19.51368578973936, -99.16497289223881|1||||||Naucalpan-ecatepec||||||
1047|ceylan sur|19.513853992216145, -99.17480678394787|1||||||Naucalpan-ecatepec||||||
1047|ceylan norte|19.513587019649623, -99.17589375728237|1||||||Naucalpan-ecatepec||||||
1031|puente de vigas|19.516143583518694, -99.2079068928162|1||||||Naucalpan-ecatepec||||||
487|calderon (villa de arriaga)|21.813348719104496, -101.0127706937438|1||||||80D||||||
495|san felipe|21.805173321301236, -101.01439602588654|1||||||san felipe-80D-san felipe||||||
497|logistik|21.983878964416437, -100.87325018818068|1||||||80D||||||
497|logistik|21.98495752599049, -100.87138486274917|1||||||80D||||||
496|wtc II|21.948300556221245, -100.91517331527453|1||||||80D||||||
496|wtc II|21.9479735019532, -100.91609715500654|1||||||80D||||||
478|chichen itza (valladolid)|20.72902797152188, -88.58319335800233|1||||||180D||||||
479|tintal (playa del carmen)|20.895690500210154, -87.4408462433964|1||||||||||||
479|tintal|20.895349710536873, -87.43861464561442|1||||||||||||
479|tintal|20.8999612132943, -87.4349656917724|1||||||||||||
478|chichen itza (valladolid)|20.72773409046699, -88.57820940949189|1||||||79-180D||||||
478|chichen itza (valladolid)|20.72915286971151, -88.58473729370417|1||||||180D-79||||||
139|cuautitlán (lecheria)|19.604848078991658, -99.20585820047758|1||||||||||||
311|san miguel||||||||||||||
138|lago de guadalupe|19.61000967541866, -99.23645661461325|1||||||57D||||||
138|lago de guadalupe|19.609728807206263, -99.23609795216908|1||||||57D||||||
138|lago de guadalupe|19.60787389370354, -99.23878807217282|1||||||||||||
138|lago de guadalupe|19.608829621583055, -99.23709147433547|1||||||||||||
137|atizapan|19.58257320635931, -99.27109723421185|1||||||||||||
136|madin|19.54767587505345, -99.27797863147796|1||||||||||||
136|madin|19.548216783878388, -99.27693257001768|1||||||||||||
136|madin|19.545231796564835, -99.27753029714077|1||||||||||||
136|madin|19.544856123742363, -99.27692061966191|1||||||||||||
700|lomas verdes|19.519147583830573, -99.2863606738762|1||||||||||||
135|nopala|19.487128726398897, -99.31008911021434|1||||||||||||
135|nopala|19.48625806844719, -99.31148117032183|1||||||||||||
135|nopala|19.487363193403908, -99.30985468970968|1||||||||||||
135|nopala|19.487457519121335, -99.31101821575132|1||||||||||||
135|nopala|19.48821481780644, -99.31103536846855|1||||||||||||
134|cipreses|19.46886584336102, -99.3113897858159|1||||||||||||
133|chamapa capufe|19.440210181366872, -99.29769415317254|1||||||||||||
133|chamapa capufe|19.440354432279413, -99.29709153615988|1||||||||||||
413|chamapa inbursa|19.43907684945207, -99.29655783370647|1||||||||||||
413|chamapa inbursa|19.43175150346065, -99.29677191209393|1||||||||||||
414|bosque real|19.4174996427165, -99.29849698316048|1||||||||||||
414|bosque real|19.419196259226354, -99.30029956236906|1||||||||||||
412|huixquilucan|19.414450909270638, -99.29973914686396|1||||||||||||
411|interlomas|19.39486772619549, -99.2955139235045|1||||||||||||
411|interlomas|19.395526879921135, -99.29439976503576|1||||||||||||
411|interlomas|19.395714178712442, -99.29593231760975|1||||||||||||
410|la venta|19.352279438015987, -99.30570186341765|1||||||||||||
410|la venta|19.348965433046143, -99.3066237393566|1||||||||||||
406|la peñita|21.066413310886855, -105.21826644951095|1||||||200D||||||
520|bucerías|20.781377189694368, -105.37003915432705|1||||||200D||||||
521|bucerías|20.775117198232252, -105.37415610757168|1||||||200D||||||
468|vallarta|20.779782521704586, -105.25338505378356|1||||||200D||||||
469|florida|20.97450191457007, -105.30478918116872|1||||||200D||||||
510|valtierrilla|20.542638282049623, -101.13774718515322|1||||||43D||||||
511|valtierrilla|20.553036693675594, -101.1362639728372|1||||||43D||||||
511|valtierrilla|20.5531213978598, -101.13645006682059|1||||||43D||||||
511|valtierrilla|20.547569480959563, -101.13808410191231|1||||||43D||||||
511|valtierrilla|20.546711885282516, -101.13622407054841|1||||||43D||||||
512|valle de santiago|20.373192668487974, -101.14924187957652|1||||||43D||||||
512|valle de santiago|20.37263817616715, -101.1473961866257|1||||||43D||||||
513|uriangato|20.182930184370445, -101.15720304964658|1||||||43D||||||
514|Cinta-compandaro|20.07623430404068, -101.13573432315223|1||||||43D||||||
515|la cinta|20.073496192457647, -101.13669805335728|1||||||43D||||||
516|cuitzeo|19.968338494332276, -101.16203496713464|1||||||43D||||||
516|cuitzeo|19.968891088671075, -101.15971284532013|1||||||43D||||||
517|la cinta|20.077505375275674, -101.13779386528905|1||||||43D||||||
1002|vía atlixcayotl|19.003927491774967, -98.27266874132327|open|1337|||||438D (puebla atlixco)||||||
1005|santa ana|30.593605030395324, -111.51849090106008|open|1342|||||2 santa ana-altar||||||
1003|San luis rio colorado|32.491709027557654, -114.80886049172051|open|1338|||||2||||||
1020|san luis rio colorado II|32.45707572588469, -114.70138923845028|open|1356|||||||||||
1021|estacion doctor|32.375141903051095, -114.7606972591478|open|1357||||$110 (autos)|3||||||
1019|nogales|31.25838242526108, -110.97471362406507|open|1355|||||15D||||||
1006|villa ahumada|30.437087967149225, -106.5218766044891|open|1343|||||45D||||||
1015|galeana|30.00432144140382, -107.24252575729135|open|1351|||||56D||||||
1012|ojo laguna|29.481682352092374, -106.4067331606081|open|1348|||||7D||||||
1013|cuahutémoc|28.327357410025662, -106.5503755085411|open|1349|||||16||||||
1011|sacramento|28.860226989097075, -106.21652591087548|open|1347|||||45D||||||
1008|saucillo|28.04639514914993, -105.32936473466903|open|1344|||||45D||||||
1009|camargo|27.730899758183725, -105.19771954102012|open|1345|||||45D||||||
1010|jiménez|27.244963784334544, -104.933297098061|open|1346|||||45D||||||
1014|savalza|27.082269429185967, -104.84153742390166|open|1350|||||49D||||||
1016|jerónimo|31.576852259899322, -106.6666867514863|open|1352|||||45D||||||
1017|ojinaga|29.05524800729837, -105.1049993182869|open|1353|||||80D||||||
1004|michac|19.861459624532184, -98.06073497874284|open|1340||troncal|||119D||||||
1004|michac|19.863286204961728, -98.05627705190592|open|1341||entronque|||||||||
937|huejotzingo|19.253616263645334, -98.44221943845149|open|1339|||||||||||
1018|zacatelco|19.211554392759968, -98.26491395571294|open|1354|||||119D||||||
1018|zacatelco II|19.211451145684354, -98.26312955440767|open|1354||||Moto 18, auto 36, autobus 2,4 71, 5-9 ejes 107|119D-zacatelco-119D||||||
428|allende|18.147122277980056, -94.39695175315569|open|41|||||||||||
212|mitla|16.90835636383644, -96.36115487153991|1||||||190D||||||
212|ENT. MITLA-LACHIXILA|16.924598206881765, -96.32698577635352|1||||||||||||
216|LACHIXILA-ENT. TEHUANTEPEC II|16.92398858629051, -96.32558146550427|open|44|||||||||||
89|tehuantepec|16.162143391868852, -95.28924619755911|open|45|||||185D (salina cruz- la ventosa)||||||
90|ixtepec|16.561143256646915, -95.13561459736289|1||||||185D||||||
90|ixtepec|16.56145262854458, -95.13425849001234|1||||||185D||||||
90|ixtepec|16.561787368330844, -95.13604155588975|1||||||185D||||||
90|ixtepec|16.56104913329889, -95.13494075056983|1||||||185D||||||
22|alvarado|18.769898476834186, -95.7445876024632|open|49|||||180||||||
63|tlacotalpan|18.704603664090417, -95.64130252436541|open|50|||||175||||||
29|caracol|18.13308846385936, -96.13669223072705|open|51|||||175||||||
28|papaloapan|18.159577692849894, -96.09665304177997|open|52|||||145||||||
67|dovali|18.013332964899167, -94.39679731158314|open|53|||||180D||||||
27|esperanza|18.870814851490334, -97.38589889324513|1||||||150D||||||
27|esperanza|18.871399219052073, -97.38567338770608|1||||||150D||||||
27|esperanza|18.87035487041231, -97.38614588587707|1||||||150D||||||
116|cuitlahuac|18.83949498940771, -96.74690721705157|1||||||150D||||||
116|cuitlahuac|18.838665254881114, -96.73947809386286|1||||||150D||||||
116|cuitlahuac|18.837526229361526, -96.73743818063578|1||||||150D||||||
117|paso del toro|19.0817239659139, -96.19845075369302|1||||||150D||||||
117|paso del toro|19.084700417713307, -96.19682549391152|1||||||150D||||||
117|paso del toro|19.084124513844465, -96.19615515649755|1||||||150D||||||
76|tehuacan|18.487150486189332, -97.45619740068673|open|26|||||135D||||||
76|tehuacan|18.487569919834275, -97.45691025503979|open|26|||||135D||||||
76|tehuacan|18.48668722353446, -97.45538407812037|open|26|||||135D||||||
77|miahuatlan|18.264684903781934, -97.31561885976765|open|27|||||135D||||||
77|miahuatlan|18.26400928798973, -97.31623644535418|open|27|||||135D||||||
77|miahuatlan|18.265165809253922, -97.31477894336719|open|27|||||135D||||||
78|suchixtlahuaca|17.725866774215437, -97.35294313658825|1||||||135D||||||
78|suchixtlahuaca|17.726049620901644, -97.35375972944408|1||||||135D||||||
78|suchixtlahuaca|17.726305025482105, -97.35193763046239|1||||||135D||||||
79|huitzo|17.27505522994611, -96.91526359287897|1||||||135D||||||
79|huitzo|17.278710931524284, -96.91461913665698|1||||||135D||||||
225|barranca larga|16.4695320165017, -96.7447049908951|1||||||175D||||||
226|ventanilla|15.907385393191232, -96.92794717857007|1||||||175D||||||
118|cosamaloapan|18.335043035733488, -95.82227085115296|1||||||145D||||||
119|acayucan (sayula)|17.910088565003452, -94.93729444691768|1||||||145D||||||
119|acayucan (sayula)|17.91080378674099, -94.93681715054122|1||||||145D||||||
119|acayucan (sayula)|17.90956688965222, -94.9378505668816|1||||||145D||||||
99|Refinería lazaro cárdenas|18.015116142260688, -94.45376574246976|1||||||180D||||||
60|rodolfo robles|14.677036334963717, -92.14969824249802|open|1374|||||||||||
85|suchiate II|14.70218664930069, -92.15139195777353|open|1376|||||2||||||
1022|puente colombia|27.697374137211828, -99.74778841810621|open|1358|||||puente||||||
1023|puente anzalduas|26.109704755804398, -98.34489682024125|open|1359|||||||||||
1024|puente coatzacoalcos|18.11516410085257, -94.41087278488928|closed||||||||||||
1025|puente ignacio chávez|17.973337922894455, -102.19576323640165|closed||||||||||||
1026|guadalupe|31.411906057524156, -106.19554819985964|open|1362|||||libramiento de ciudad juarez||||||
1027|puente guadalupe tornillo|31.431026810212938, -106.15169349709106|open|1363|||||||||||
1028|puente lerdo-stanton|31.74655790628881, -106.48216578803022|open|1364|||||||||||
1029|puente josé lópez portillo|20.930077128775718, -97.68070867063416|open|1365|||||||||||
1030|puente la unidad|18.78552715534909, -91.49486877982353|open|1366|||||||||||
66|puente laredo I|27.498588024321077, -99.50741284517355|open|1367|||||||||||
46|puente libre comercio|26.021625856783977, -97.73879648386234|open|1368|||||||||||
1032|puente nuevo laredo iii|27.595096207338816, -99.5415178899868|open|1369|||||||||||
1033|puente paso del norte|31.74590805171759, -106.48642661061412|open|1370|||||||||||
|puente albatros|17.9406605480882, -102.18800974908346|||||||||||||
1034|puente rio bravo-donna|26.05935477361723, -98.08018613300814|open|1373|||||||||||
1035|puente san miguel|25.976339937564482, -109.03356353068048|open|1375|||||||||||
1036|puente zaragoza-ysleta|31.671026235025284, -106.34020578274493|open|1377|||||||||||
45|fortin|18.90703063377368, -97.01125072608713|||||||150D||||||
1038|puente el prieto|22.20334262325166, -97.93743420014539|open|1383|||||||||||
1039|la rumorosa|32.56267573086791, -116.04793581314304|open|1384|||||||||||
1039|la rumorosa|32.55584703668523, -116.03649197659311|open|1384|||||2D||||||
1040|Chilpancingo-tixtla|17.608032305771125, -99.50959853228049|open|1385|||||93D||||||
1041|mofin chavez|23.177937723421824, -102.82869108608446|open|1386|||||45D||||||
1042|calera|22.941852910186196, -102.6898648491811|open|1387|||||45D||||||
1043|vetagrande|22.847053541371594, -102.56331543839086|open|1388|||||45D||||||
1043|vetagrande aux.1|22.846729179454588, -102.56702270691699|1||||||45D||||||
1043|vetagrande aux.2|22.846376155278673, -102.5669998366264|1||||||45D||||||
1044|felipe carrillo puerto|19.59038768114135, -88.0712857740722|1||||||||||||
1044|felipe carrillo puerto aux. 1|19.587657509496516, -88.07045984305593|1||||||||||||
1044|felipe carrillo puerto aux. 2|19.58884792061388, -88.07274606869495|1||||||||||||
1037|a-7 periferico|19.485734273103517, -99.0151921738918|||||||||||||
1048|a-6 periferico|19.48726973096323, -99.01641933437911|||||||||||||
1049|t-2 conmex|19.575522167997285, -99.0205563613403|||||||||||||
